nombre,email,telefono,peso,altura
Rocío Munoz,expectations1878@yandex.com,+34 913 58 32 37,40,1.98
Gael Hernandez,stephen1835@example.com,982 801 742,56,1.83
Tamara Cruz,versions1864@outlook.com,+34 912 41 60 42,65,1.96
Santiago Aguilar,pharmacology2025@live.com,998 550 705,78,1.53
Alba Gutierrez,ricky1990@gmail.com,934.407.106,49,1.90
Antonia Roman,holding1942@yahoo.com,+34 910 19 61 02,70,1.82
Felicidad Fuentes,meta2043@live.com,984 197 927,50,1.89
Angela Bravo,movement1801@example.com,982169568,44,1.79
Eva Alvarez,edit1926@live.com,989447767,86,1.60
Ángel Carrasco,stickers1843@outlook.com,995530005,45,1.96
Kiki Aguilar,seemed1860@protonmail.com,920099126,53,1.60
Manuelita Suarez,vertex1931@example.org,+34 915 75 45 19,38,1.52
Jennifer Castro,rubber2094@yandex.com,901 749 414,49,1.97
Vicente Saez,throughout1982@gmail.com,979 807 712,74,1.78
Nasario Marcos,irish1841@live.com,941-971-926,49,1.69
Frida Diez,wet1910@duck.com,948-411-877,75,1.83
Xalvador Fuentes,resist1863@example.org,929-306-866,38,1.97
Max Serrano,conf1913@duck.com,970461627,65,1.82
Juan José Crespo,lord2056@gmail.com,+34 919 55 36 87,75,1.84
Joan Montero,impose1913@live.com,985-245-671,72,1.72
Helena Lopez,duration1940@example.org,910.728.793,85,1.54
Ricardo Prieto,mozambique1848@protonmail.com,902 146 350,88,1.70
Álvaro Moya,simon1949@yahoo.com,959.300.221,87,1.75
Enrique Pastor,supplies1913@outlook.com,908 609 370,89,1.82
Uxue Munoz,jam2084@gmail.com,917-827-515,54,1.83
Cristóbal Campos,securities1888@yandex.com,+34 912 28 12 85,77,1.94
Diana Prieto,mine1828@gmail.com,938-315-192,43,1.99
Ricardo Gil,remain1867@yahoo.com,952 426 247,77,1.79
Montana Blanco,peru2022@yandex.com,911.294.182,76,1.73
Ernestina Sanchez,excluding1912@example.org,900879335,82,1.73
Benita Montero,texts2071@example.com,949 572 710,76,1.83
Juan José Martinez,get1951@example.org,976635684,77,1.88
Estefanía Izquierdo,handed1841@example.com,+34 918 35 36 28,62,1.86
Bea Pardo,heater1840@protonmail.com,946.509.915,46,1.95
Alexander Cruz,vocational1850@yandex.com,972714999,71,1.60
Dominga Ramos,warrior1813@example.org,+34 915 34 69 12,75,1.79
Concha Ramirez,relocation1883@outlook.com,969.593.914,43,1.97
María Jesús Diaz,theorem1820@outlook.com,913.247.969,51,1.86
Gema Hernandez,clarity2008@outlook.com,942322410,68,1.65
Mauricio Sanchez,chorus1808@outlook.com,912043807,72,1.92
Daniela Vila,haiti1844@duck.com,999.305.009,68,1.88
Lilia Cruz,unified1983@live.com,+34 916 69 01 18,68,1.69
Yaiza Cabrera,rich1846@yahoo.com,920.255.030,48,1.95
Miguel Ángel Vila,chassis2086@example.org,983.576.667,65,1.68
Elisa Vidal,ton2081@outlook.com,908-890-841,78,1.80
Diego Gimenez,mine1961@gmail.com,+34 915 61 20 18,82,1.60
Judith Cabrera,longest1858@yahoo.com,+34 915 10 30 03,72,1.88
Zenon Herrera,strikes1949@duck.com,935-020-177,77,1.86
Hilario Merino,buy2090@yahoo.com,971.995.824,66,1.58
Cobura Sanchez,weather1944@live.com,+34 910 81 00 86,89,1.71
Andy Andres,seller2087@yahoo.com,970-893-719,90,1.76
Chaxiraxi Duran,constraints1855@yahoo.com,+34 914 82 45 34,66,1.96
Cortez Ramos,irs1818@example.org,930.926.018,85,1.82
Gara Diez,asn1852@duck.com,963140856,43,1.74
Cortez Crespo,aquatic1818@yahoo.com,993.774.054,70,1.54
Lali Dominguez,fitness1859@live.com,969154363,43,1.63
Leticia Hidalgo,ons1849@yahoo.com,+34 917 04 21 76,70,1.93
Liliana Pascual,logic1819@live.com,926111729,44,1.87
Jorgelina Lorenzo,championship2063@gmail.com,912446169,65,1.84
Franco Herrero,mechanism2095@live.com,986014164,77,1.94
Águeda Lopez,sitting1907@gmail.com,932920055,47,1.51
Jaime Ibanez,credit1931@example.org,907292806,78,1.57
Bea Roman,classical1996@example.com,970-778-678,61,1.68
Bronco Campos,projector1881@protonmail.com,993 830 358,90,1.71
Facundo Nieto,front1913@outlook.com,972 290 166,56,1.64
Pedro Saez,february1860@live.com,934634846,84,1.51
Sebastián Alvarez,retrieval1865@example.org,962.245.661,82,1.64
Lorena Gomez,cigarette1987@example.com,911433303,48,1.67
Susana Marin,westminster1884@example.org,915-106-640,38,1.91
Maite Jimenez,teen1865@example.org,935265384,81,1.69
Jose manuel Fernandez,taylor2031@live.com,973-601-194,39,1.70
Jacobo Name,hits1926@yandex.com,997-921-320,64,1.51
Verónica Saez,precipitation2012@yandex.com,+34 912 88 55 84,56,1.83
Manuel Rubio,criteria2092@example.org,937089641,88,1.76
Jair Vila,magazines1981@yandex.com,978-845-622,77,1.66
Valentino Martinez,towns1817@duck.com,+34 915 09 80 47,42,1.72
Helena Menendez,delight1867@yahoo.com,937-265-364,90,1.76
Diego Redondo,dimensions2071@outlook.com,902405815,75,1.93
Cruz Moya,sam1908@example.org,+34 916 06 91 07,78,1.63
Yolanda Diez,passed1953@duck.com,970.694.086,50,1.63
Tomás Fernandez,stockholm1852@live.com,982999867,59,1.87
Xalvador Soler,played1901@live.com,998-526-217,43,1.94
Miguel Fuentes,trigger1845@duck.com,909-600-447,65,1.89
Cisco Morales,deadline2079@yandex.com,972 301 287,63,1.92
Tomas Munoz,attitudes2063@example.com,909 282 222,67,1.80
Axel Alvarez,myers2013@yandex.com,968 153 374,52,1.74
Noelia Flores,illustrated1844@duck.com,938 187 897,52,1.76
Sergio Herrero,robinson2078@protonmail.com,902.170.765,42,1.62
Elena Prieto,cartoon2054@example.org,928291426,66,1.65
María Jesús Nunez,brilliant2083@protonmail.com,920486895,70,1.56
Pedro Marin,extras1842@example.com,933 840 116,68,1.51
adrian Diaz,slovenia2018@example.org,934 346 074,50,1.60
Serafina Prieto,immunology2000@example.org,911.319.373,43,1.79
Juan Felipe Castillo,style1985@example.org,964-606-738,57,1.70
Larenzo Guerrero,chronicle1900@live.com,+34 916 09 43 02,87,1.72
marco Soto,happens1970@yandex.com,976 801 439,47,1.67
Mateo Carrasco,makers2079@example.com,954-386-844,83,1.68
Inma Velasco,besides1857@live.com,938-476-608,70,1.50
Axel Name,charm2061@outlook.com,928 720 452,74,1.91
Aurora Lopez,logistics1830@example.org,965 076 189,87,1.61
Rafael Nunez,properties1830@example.com,912-238-874,77,1.64
Thiago Blanco,reg2051@yandex.com,995039980,46,1.63
Lilia Rubio,pack2047@duck.com,988892516,69,1.94
Amanda Garrido,officers1903@yandex.com,943.178.737,77,1.95
Zelipe Jimenez,true1821@yahoo.com,+34 919 51 19 70,80,1.93
First names Gutierrez,gratis2049@yahoo.com,980-916-635,70,1.96
Alexander Cano,newspapers1842@yahoo.com,921275533,44,1.58
Facundo Herrera,butts2027@yandex.com,+34 918 75 70 53,84,1.95
Frida Carmona,editions1962@example.com,918 837 500,66,1.60
Daniel Torres,trembl1825@gmail.com,910881529,47,1.66
Kevin Carmona,bracelet1963@outlook.com,979977168,52,1.59
Dalila Lozano,partial1828@protonmail.com,975617830,39,1.89
Abigaíl Sanchez,composed1881@protonmail.com,+34 911 68 79 15,77,1.60
Xaverius Vicente,sized1824@outlook.com,997321771,69,1.96
Magdalena Marcos,rrp1813@example.org,950337314,50,1.89
Ababa Cruz,tramadol1970@protonmail.com,+34 915 33 03 12,51,1.75
Juan Carlos Vidal,advised1989@example.org,950-065-485,63,1.91
Uxue Medina,calendars1891@live.com,963724974,48,1.94
José Cano,casinos2061@duck.com,941 409 122,81,1.72
Inma Carrasco,jacob1839@outlook.com,+34 918 12 64 36,87,1.82
Aarón Serrano,diana1966@gmail.com,944622970,61,1.60
Raquel Aguilar,quickly1891@example.org,981.840.108,70,1.73
Angel Roman,encouraged1860@yahoo.com,910.862.335,83,1.59
Enrique Menendez,charter1910@yandex.com,+34 910 95 62 87,72,2.00
Teresa Roman,caused1913@example.com,+34 910 67 82 69,41,1.66
Tomasa Izquierdo,tied2063@yandex.com,982.088.959,61,1.97
Jerónimo/Gerónimo Soto,cedar1948@duck.com,934466916,50,1.50
Ignado Romero,wire2079@example.org,986 263 489,40,1.52
Rafaela Mora,corporation1906@protonmail.com,981 243 261,69,1.92
Vane Carrasco,seek1878@example.org,911 947 326,68,1.74
Vane Name,dairy2009@live.com,982749742,44,1.67
Josefa Velasco,studies2045@duck.com,945-546-959,71,1.88
Jaime Garcia,sink1969@example.com,948 310 637,40,1.63
David Delgado,deployment2039@outlook.com,+34 917 96 04 70,52,1.54
Margarita Sanz,prozac2083@example.com,999 629 044,90,1.78
María Carmona,object1855@yandex.com,+34 916 54 01 75,49,1.78
Christopher Blanco,slowly2023@gmail.com,921 734 550,59,1.97
Felipe Caballero,loads2022@example.org,923-304-290,88,1.90
Adrián Pena,politics1912@protonmail.com,998646691,48,1.76
Lucha Castillo,seat1942@gmail.com,996.597.586,79,1.69
Manolo Delgado,spend2038@protonmail.com,+34 916 24 65 37,39,1.55
Trinidad Rubio,whereas1848@yahoo.com,917.469.566,53,1.64
Lourdes Fernandez,fires1989@gmail.com,954.138.018,52,1.58
Thiago Vega,approved1901@live.com,975-655-443,58,1.95
Malvolio Pastor,webshots2046@duck.com,950819195,65,1.76
Jacobo Perez,detailed1906@yandex.com,+34 919 06 57 27,65,1.50
Esperanza Blanco,projects1898@example.org,944619076,71,1.88
Ignado Perez,chad1881@example.org,952 132 339,73,1.68
Emelda Arias,calibration2052@yahoo.com,946-147-894,49,1.82
José Mendez,marc1938@yandex.com,911 068 110,73,1.87
Dante Fernandez,represent2059@yahoo.com,992.024.695,87,1.65
Caro Medina,personalized2006@protonmail.com,978 637 306,44,1.62
Nemesio Sanchez,calendar2021@protonmail.com,969.890.367,45,1.83
Catrina Suarez,dressed1931@yandex.com,969 344 079,79,1.61
Jessica Calvo,marriage1880@yandex.com,930.859.571,62,1.79
Valentino Garcia,chance1936@yahoo.com,952300743,61,1.72
Joaquín Reyes,club2036@yandex.com,+34 915 46 71 32,82,1.65
Modesta Lozano,antonio1815@example.com,907423080,62,1.55
Jose luis Medina,restrict1822@outlook.com,+34 917 34 70 45,53,1.61
Haydée Redondo,compile1995@example.com,+34 914 23 61 58,76,1.50
Vidal Soler,fellowship2000@gmail.com,957.487.668,41,1.85
Alba Cano,charger2051@example.org,956-359-218,64,1.63
Caro Diez,lately1890@live.com,928975160,56,1.84
Alex Soto,greek2099@duck.com,974 646 203,82,1.66
Toni Perez,curve1867@protonmail.com,908.142.787,41,1.54
Victoria Lopez,planets1993@yahoo.com,941160529,40,1.62
Guillermo Lopez,customs2020@yahoo.com,997.622.688,41,1.75
Amanda Calvo,venezuela1989@example.com,+34 914 74 56 02,60,1.63
Marjun Lopez,exercises1837@live.com,916-216-604,57,1.56
Montel Aguilar,somalia1949@protonmail.com,939-049-060,40,1.70
Andy Soto,displaying1818@yandex.com,+34 919 42 12 88,46,1.95
Zulma Soto,wages1981@example.org,938 214 695,44,1.69
Rosa Delgado,ultra2066@protonmail.com,+34 913 53 59 90,61,1.74
Rosalía Hidalgo,version2039@protonmail.com,906.175.902,41,1.53
Selena Torres,advertising1930@live.com,934 990 151,75,1.95
Irene Pena,journal1849@example.org,978-636-770,40,1.60
Federico Cortes,suites2052@example.org,+34 910 06 21 89,49,1.97
Jesusa Medina,females1869@outlook.com,913 342 399,66,1.90
Ander Hernandez,headed1949@outlook.com,961-402-145,84,1.96
Mireya Gimenez,arm2045@yandex.com,953 124 106,87,1.96
Lali Leon,processors1924@gmail.com,949.975.931,90,1.52
Diana Vila,qualified2051@live.com,925836433,79,1.78
Juan Sebastián Soto,intellectual1855@outlook.com,945.606.341,82,1.76
Marc Marcos,collections1916@outlook.com,904-012-305,45,1.97
Mauricio Jimenez,nigeria1993@yahoo.com,971.032.257,78,1.68
Gorka Santos,relay1894@protonmail.com,+34 914 78 43 74,39,1.63
Benjamín Lorenzo,custom1946@protonmail.com,915.200.472,68,1.99
Aina Izquierdo,windows1951@outlook.com,964-182-211,38,1.65
Álvaro Morales,ultram2077@yahoo.com,979.266.469,73,1.79
Concepción Marquez,xml1896@duck.com,949.055.564,89,1.94
Gonzalo Perez,municipality1946@gmail.com,961.830.573,40,1.67
Belén Gutierrez,stopped2009@gmail.com,940236082,81,1.85
Pablo Pastor,womens2026@protonmail.com,+34 917 60 69 68,70,1.95
Isidro Martinez,tight1899@yandex.com,+34 915 64 70 04,88,1.73
Loredo Vicente,taking1920@duck.com,931 191 506,60,1.63
Ainoa Gimenez,textbook1972@example.com,940.428.588,77,1.73
Rafael Pena,oecd1843@example.com,907.028.655,42,1.94
Alejandro Marquez,payable1932@gmail.com,+34 914 67 92 36,87,1.72
Ainara Ortega,iran1808@duck.com,+34 918 36 15 64,61,1.60
Gervasio Gomez,invest2017@yandex.com,955642603,57,1.76
Noe Cabrera,funny1872@example.org,954-316-586,75,1.89
Alexandra Nieto,olympus1834@duck.com,914-982-627,84,1.84
Alberto Herrera,minister1944@duck.com,955.030.990,54,1.60
Stella Aguilar,mortgages2017@duck.com,+34 913 26 38 53,85,1.67
Fatima Serrano,wallace1973@yandex.com,950.048.771,59,1.85
Dominga Reyes,geneva1832@example.org,982.789.862,89,1.94
Zelipe Hidalgo,doubt1819@yandex.com,941 073 313,64,1.93
Rodrigo Moreno,photographic1846@yahoo.com,+34 913 22 66 79,87,1.66
Mónica Pascual,advert2027@protonmail.com,913.094.352,62,1.60
Cipriano Arias,fuel1982@example.org,939 244 103,46,1.95
Max Garcia,hiking2030@outlook.com,901 494 733,70,1.87
Fraco Nunez,neighbor2001@outlook.com,921-357-120,69,1.72
Emmanuel Fuentes,grab1842@gmail.com,931 771 620,65,1.51
Lolita Arias,fantasy1852@yandex.com,969.281.121,46,1.77
Bárbara Torres,label1807@yahoo.com,987.637.679,65,1.71
Vidal Redondo,cups1939@duck.com,952-683-182,90,1.60
Olga Name,volume1893@protonmail.com,+34 918 94 87 83,86,1.70
Nora Herrera,cookie1987@outlook.com,940 428 211,86,1.99
Sergio Mendez,touch1850@duck.com,965755686,67,1.65
María Saez,atom2031@yahoo.com,946-384-339,71,1.62
Dimos Marin,realty2051@example.com,906.217.414,47,1.97
Diego Alejandro Medina,horror1808@yahoo.com,967-370-709,45,1.72
Mario Lozano,unsigned2100@yahoo.com,990 220 960,67,1.97
Gara Duran,erotica1812@yandex.com,985386118,62,1.58
Úrsula Velasco,meters2069@example.org,926.772.201,65,1.92
Lisandro Gimenez,websites2013@yahoo.com,+34 919 55 50 56,68,1.85
Josefina Diez,thinkpad1894@protonmail.com,943.097.958,46,1.89
Martita Dominguez,intermediate2099@live.com,937 846 424,62,1.79
Mateo Santos,railway1855@protonmail.com,906.827.969,58,1.91
Arantxa Herrero,brooklyn1854@protonmail.com,+34 915 91 84 02,66,1.75
Christopher Guerrero,amend1925@yahoo.com,+34 914 60 74 71,39,1.94
Juan Manuel Ortiz,sustained2043@yandex.com,938 076 347,67,1.74
Facundo Sanchez,cube1982@live.com,941 146 100,53,1.57
Valentina Saez,soundtrack2069@yahoo.com,931.329.042,76,1.60
Daniela Navarro,tsunami1911@example.org,906-516-771,74,1.61
Beñat Vazquez,lamps1853@example.org,938 723 743,55,1.91
Dario Pascual,indicating2035@duck.com,924 746 287,53,1.83
Jose manuel Gomez,thumbzilla1804@yahoo.com,967 938 696,53,1.69
Dionisia Merino,assistant2090@duck.com,944.687.582,77,1.99
Josep Gomez,notice1861@gmail.com,951 847 926,53,1.84
Marcelo Nunez,wiring1906@outlook.com,+34 913 17 77 25,50,1.97
Eduardo Ortiz,peter1955@yandex.com,+34 916 34 09 92,46,1.52
Silvia Lorenzo,nebraska1988@example.org,933871844,53,1.70
Gara Ruiz,dollar1902@yandex.com,955 496 698,47,1.83
Raul Medina,reply2038@duck.com,938891433,73,1.80
Carmen Gomez,stunning2081@example.com,+34 916 12 13 54,41,1.71
Isidro Cruz,three2019@duck.com,+34 916 34 16 66,66,1.88
Roxana Velasco,outsourcing1820@duck.com,986066502,52,1.76
Beltran Gil,lightning2028@yahoo.com,912 854 655,38,1.98
Adela Pardo,energy1868@gmail.com,989-382-236,75,1.58
Adisoda Gimenez,missing2081@live.com,989-675-238,70,1.55
Manuela Merino,room1964@gmail.com,937710963,39,1.62
Vicente Moreno,sewing1928@protonmail.com,992114408,74,1.89
Nora Marquez,advertisement2100@yandex.com,993 509 526,46,1.62
Brunilda Nunez,coleman1873@duck.com,970696484,48,1.54
Stella Rubio,robert1818@gmail.com,918 762 212,72,2.00
Montana Cano,reserve2035@duck.com,925-684-317,68,1.70
Toni Prieto,nutten1970@gmail.com,923779693,69,1.54
Albert Prieto,musical2057@yandex.com,958.573.756,90,1.95
Juan David Morales,township1912@yandex.com,+34 918 67 07 97,77,1.69
Virginia Gonzalez,seekers1998@example.com,925-623-772,47,1.72
Montel Delgado,green1903@live.com,968 194 934,86,1.88
Jose Ortega,suppliers1924@yahoo.com,+34 913 87 10 43,67,1.77
María Jesús Calvo,racing1947@protonmail.com,988 435 878,72,1.71
Feliciana Ruiz,six1978@yandex.com,+34 911 36 14 22,60,1.65
Axel Nieto,strings1883@protonmail.com,943 613 759,53,1.62
Javiera Campos,selection2055@live.com,971-571-164,45,1.78
Mauricio Calvo,prohibited1957@duck.com,968714926,57,1.53
Mauricio Vidal,creative2080@protonmail.com,933049370,76,1.74
Jose manuel Andres,correspondence2029@protonmail.com,+34 918 69 10 39,82,1.79
Nicolas Rey,audi2029@yandex.com,905 939 000,42,1.61
Diego Alejandro Ortiz,rrp1822@protonmail.com,914826382,43,1.97
Marjun Carmona,thongs2087@outlook.com,924-979-829,71,1.78
Marcelo Sanz,nobody1846@outlook.com,978-690-548,88,1.62
Benjamín Alonso,seal1857@example.com,953 760 937,54,1.52
Tomas Morales,major2055@protonmail.com,939247304,58,1.80
Manuel Velasco,garcia1993@duck.com,+34 910 83 17 81,81,1.76
Estefanía Redondo,visiting1942@yahoo.com,960-386-885,52,1.79
Itahisa Guerrero,physical1806@example.com,902.772.288,41,1.99
Joaquin Moreno,porcelain1965@gmail.com,944 449 967,64,1.50
Evita Lorenzo,century1904@yahoo.com,964.627.313,67,1.76
Javi Lozano,adapter2087@yahoo.com,905-264-146,76,1.78
Emiliano Pena,tune1975@duck.com,+34 912 39 05 34,81,1.99
Dimos Pardo,designated1917@protonmail.com,991798472,54,1.63
Carlos Fernandez,simulations1978@example.org,981.229.772,61,1.83
Natalia Castro,stats2024@yandex.com,982 858 811,66,1.98
Feliciana Mora,online2018@gmail.com,958.942.846,80,1.57
Xavier Vicente,flour1873@live.com,963.930.176,78,1.64
Diego Alejandro Arias,shades1853@example.org,914 709 344,43,1.71
Julián Duran,tri1823@yahoo.com,977 478 107,60,1.68
Julián Molina,folding2068@outlook.com,932.297.806,49,1.91
Maximiliano Leon,standings2086@duck.com,+34 910 08 30 02,56,1.60
Lolita Marquez,frames2001@example.org,971-388-942,49,1.88
Milagros Lozano,ever2021@gmail.com,+34 910 84 60 47,52,1.81
Martita Molina,achieving1950@protonmail.com,934-336-253,39,1.83
Marc Munoz,taxes2007@example.com,997475682,84,1.60
Consolación Marquez,consequently1970@duck.com,+34 910 26 81 90,43,1.77
Mario Andres,hills1829@yandex.com,+34 918 37 27 27,76,1.66
Gloria Merino,assisted1905@outlook.com,942 175 829,62,1.93
Isaac Garrido,associate1999@example.org,+34 913 64 98 50,76,1.57
Magdalena Fernandez,beverage1872@example.com,+34 912 79 34 67,67,1.72
Toni Soto,none2006@example.org,911.892.869,39,1.69
Zenon Alonso,discounted2094@protonmail.com,932.071.233,77,1.57
Camilo Lozano,dates1881@yandex.com,983-049-633,66,1.53
Rodrigo Moreno,belongs2071@gmail.com,926.988.983,52,1.62
Nora Cabrera,funk2050@live.com,925 685 015,41,1.65
Nilda Hidalgo,principles1906@yahoo.com,936 058 344,60,1.68
Isaac Fernandez,msgstr2001@gmail.com,911.111.247,69,1.62
Mauricio Saez,spouse1890@outlook.com,949.460.005,58,1.85
Juan Esteban Pascual,walter1927@example.org,990-236-680,79,2.00
Trysta Nunez,arcade1891@example.com,+34 914 62 09 19,72,1.96
Joaquina Izquierdo,would1950@yandex.com,925672486,81,1.50
Marcelo Herrera,concerns1957@yandex.com,981.039.836,59,1.92
Nilda Moya,por2003@yandex.com,950329469,73,1.82
Nuria Marin,chart1888@example.org,933413702,70,1.98
Bruno Ferrer,emphasis1895@gmail.com,938 872 759,40,1.75
Valentino Hidalgo,dover2085@protonmail.com,984 594 447,85,1.72
Daniela Gil,signing2025@gmail.com,989682651,83,1.71
Christopher Martinez,jonathan1837@duck.com,+34 910 44 64 83,51,1.50
Guillermo Marquez,wants2020@yandex.com,924 245 291,75,1.76
Nieves Reyes,howto1823@outlook.com,930-560-501,62,1.73
Miguela Ortega,restoration1896@yahoo.com,966.456.576,85,1.91
Yaiza Ibanez,defined1876@protonmail.com,951 187 148,88,1.54
Mila Herrera,decade2026@outlook.com,967.758.879,69,1.52
Xaver Diaz,cookies1847@protonmail.com,941199224,48,1.57
Lolita Nieto,parameter2093@yandex.com,943-146-959,81,1.59
Nilda Molina,quarter2099@example.org,984 055 999,83,1.99
Ricardo Bravo,stake1826@duck.com,994914549,48,1.63
martin Velasco,dress1959@gmail.com,968593287,74,1.61
Caridad Flores,prior1960@protonmail.com,931 487 838,46,1.61
Iván Gutierrez,stages1807@example.org,988-181-910,71,1.78
Ruben Hernandez,skip1991@example.org,+34 918 81 36 25,48,1.50
Dorotea Martinez,chad1998@example.org,906-592-254,81,1.61
Cándida Jimenez,suggestion1971@example.org,+34 916 45 28 55,90,1.76
Xalvador Perez,lounge2024@duck.com,916.170.918,75,1.92
Emma Perez,riders1839@protonmail.com,989-769-480,67,1.54
guille Ruiz,isolated1987@protonmail.com,905 924 405,51,1.99
Naiara Cabrera,kits1858@yahoo.com,976-889-109,85,1.87
Judit Mendez,fix1931@gmail.com,959139500,70,1.60
Paulette Ruiz,terrorist2040@outlook.com,902547695,66,1.63
Ivan Nunez,economies1931@example.org,952039728,85,1.74
Kiki Moreno,feeding1860@example.org,+34 912 25 82 95,53,2.00
Asier Rubio,directions1856@outlook.com,944-338-012,89,2.00
Susana Sanchez,notifications2043@protonmail.com,937 381 476,59,1.99
Hilda Alvarez,supposed2035@live.com,968311454,48,1.65
Ricardo Roman,dean1933@duck.com,952-816-531,42,1.56
Pablo Fernandez,commodity1936@yahoo.com,919843266,40,1.51
Lucas Jimenez,publish2074@protonmail.com,+34 912 48 48 12,48,1.93
Consuelo Gimenez,judicial1849@protonmail.com,996 297 698,79,1.63
Adela Iglesias,salvation1906@outlook.com,906962598,75,1.71
Fatima Mendez,warning1951@gmail.com,+34 913 42 21 22,38,1.95
Encarnación Bravo,work2043@example.org,925 175 667,84,1.90
Raimunda Suarez,benz1904@example.org,993 879 665,81,1.92
Martín Campos,agree1803@example.org,+34 915 38 20 79,53,1.71
Sonia Prieto,aboriginal1814@yandex.com,996.976.741,77,1.85
Amparo Marcos,interstate1896@duck.com,946.074.351,58,1.93
Juan Manuel Aguilar,lawsuit1964@yandex.com,960 973 870,44,1.56
Christopher Castillo,outlet1970@gmail.com,936.732.454,74,1.77
Violeta Hidalgo,good1997@gmail.com,950193038,79,1.72
Paco Saez,rebate1999@example.com,979610729,63,1.76
Inma Gomez,advertisers1889@protonmail.com,936.987.920,83,1.81
Mario Cano,talented2058@gmail.com,940435942,77,1.52
Jose manuel Sanchez,want1965@live.com,990.625.928,84,1.99
Triana Gutierrez,inventory1916@gmail.com,912338368,88,1.93
Emiliano Cortes,garage1986@gmail.com,967 665 050,77,1.92
VICTOR Redondo,surgeons2033@example.com,940 972 199,38,1.82
Meagens Calvo,measurement1864@yahoo.com,917.118.148,79,1.55
Juan Dominguez,notice2054@yahoo.com,922-416-048,83,1.57
Fernanda Vidal,terminal2051@gmail.com,983-644-306,43,1.85
Isidro Pardo,andale1920@yandex.com,936-636-366,62,1.74
Jaime Guerrero,adds1815@gmail.com,934 070 174,52,1.66
Ricarda Saez,employed1978@example.com,956.379.432,76,1.81
Ainara Vazquez,most1854@example.org,976 474 756,83,1.97
Selena Hidalgo,power1837@outlook.com,931.102.244,68,1.60
Gabriela Molina,teddy1826@yahoo.com,+34 919 39 18 16,47,1.64
Helena Pascual,surge1989@example.org,+34 918 39 33 58,90,1.77
Florencia Pastor,daily1998@example.com,941895883,40,1.98
Jose luis Pena,unexpected1804@live.com,915012337,44,1.76
Jose luis Santos,funeral1932@example.org,929.344.620,62,1.81
Nilda Fuentes,passage1944@live.com,+34 916 38 10 10,50,1.89
Juanita Rey,qualified2043@protonmail.com,968351006,65,1.87
Ana Ibanez,panama1867@example.com,984 312 608,84,1.64
Juan Carlos Perez,amendment2022@example.org,+34 910 77 11 50,75,1.95
Jose miguel Ortiz,losing1985@outlook.com,+34 915 32 01 39,79,1.82
Mery Sanchez,center1935@outlook.com,900.220.888,61,1.69
Isabel Fuentes,development2053@example.com,916-446-109,42,1.77
Imelda Gonzalez,race1856@gmail.com,949585860,41,1.86
Jorgelina Pastor,happiness2055@yandex.com,+34 918 03 93 68,75,1.96
Cruz Delgado,extraordinary1952@outlook.com,985.878.593,51,1.62
Javiera Martin,renewal2088@yandex.com,+34 916 99 13 21,70,1.85
Ian Hidalgo,reviewer2045@live.com,+34 918 74 34 21,46,1.97
Carito Duran,lot1961@protonmail.com,+34 915 10 15 32,66,1.58
Larenzo Menendez,cow1801@protonmail.com,944 698 576,64,1.97
Alma Cabrera,poultry1972@yahoo.com,+34 915 50 31 42,39,1.96
Manuelita Castro,tim1987@outlook.com,+34 919 80 14 33,47,1.84
Álvara Campos,advantages1860@example.org,938387849,50,1.57
Ivan Ferrer,photographs1999@gmail.com,944570866,62,1.78
Santiago Caballero,encourages1835@example.com,902 276 253,52,1.62
Beñat Sanz,freight1921@gmail.com,913 732 151,72,1.88
Mar Carrasco,sept1984@outlook.com,959.932.519,41,1.88
Marcelo Gimenez,wichita2034@live.com,981543026,82,1.61
Dante Leon,boys2068@live.com,945.420.402,42,2.00
Lidia Gomez,stay1950@live.com,+34 915 55 69 48,73,1.88
Ana Nieto,jack2081@example.com,986-111-425,48,1.98
Juan Pablo Vega,title2014@yahoo.com,958.842.981,72,1.58
Federico Diez,abandoned1898@example.org,+34 914 12 89 95,58,1.53
Joaquina Montero,impose2003@yandex.com,918-417-783,59,1.56
Luciano Pena,theology2045@gmail.com,928-100-143,88,1.56
Emilio Duran,role1854@example.com,+34 914 24 50 72,51,1.73
Florencia Mendez,package1803@outlook.com,996538036,78,1.61
Javier Jimenez,desperate1888@yahoo.com,976.850.997,65,1.81
Pablo Gonzalez,plan1837@duck.com,959.350.166,82,1.71
Jose Cruz,accuracy2081@yahoo.com,+34 916 00 33 63,51,1.94
Sebastián Soler,integrate2056@protonmail.com,995002938,86,1.93
Anita Vicente,dow1904@yandex.com,916817859,52,1.56
Juan Pablo Reyes,cases2095@example.org,+34 916 13 04 74,82,1.90
Nacho Rey,tissue1839@gmail.com,971.298.977,66,1.92
Andy Fernandez,healthcare1818@example.org,+34 912 96 72 63,78,1.85
Ramona Arias,hierarchy2080@yandex.com,+34 913 00 30 52,89,1.72
Antonio Leon,climbing2054@yahoo.com,997-817-025,42,1.96
Claudia Gil,salaries1905@example.com,991924462,85,1.71
Diego Navarro,prescription1905@example.org,+34 914 66 40 91,82,1.69
Jon Vega,prefers1960@gmail.com,933 258 109,71,1.56
Cecilia Cabrera,transcripts1817@gmail.com,962 482 454,43,1.83
Antonieta Herrera,bother1859@duck.com,943.094.786,50,1.55
Caleb Molina,atlanta1966@yahoo.com,+34 912 79 56 50,43,1.96
Aina Pardo,indiana2000@example.org,944621723,63,1.72
Andy Serrano,anxiety1911@outlook.com,915-972-297,82,1.56
Naiara Duran,distributors1968@duck.com,947987699,59,1.76
Narcisa Caballero,downloaded1803@duck.com,903605961,77,1.51
Eva Castro,manor2065@duck.com,937404090,72,1.94
Fabiana Gimenez,antivirus1885@duck.com,+34 915 71 85 52,79,1.76
Lali Ibanez,martin1886@live.com,+34 915 87 29 34,85,1.94
Gabriela Moya,japan1885@gmail.com,950040723,52,1.80
Yolanda Name,mono2006@example.org,921-482-093,46,1.53
Fulberta Morales,obj1978@yahoo.com,970-098-511,62,1.78
Anita Gil,julian2021@yahoo.com,924-195-838,40,1.72
Zulma Ramos,zoom1827@yahoo.com,942.578.691,55,1.96
Juan Esteban Morales,troubleshooting1817@example.com,921 600 550,62,1.98
Juan Sebastián Campos,wav1936@gmail.com,906.013.014,63,1.57
Sebastián Guerrero,initial1927@gmail.com,947.836.426,78,1.72
Guido Saez,healthy2005@duck.com,915-311-027,78,1.69
Ilda Arias,adopt1956@live.com,976 073 126,40,1.72
Juan Felipe Ortega,lean1871@protonmail.com,976295031,60,1.85
Catrina Campos,passive1914@example.com,977-821-470,59,1.61
Lali Ramirez,noticed1802@protonmail.com,956 701 222,49,1.75
Lolita Andres,too2086@example.org,952 768 650,68,1.54
Paco Prieto,sculpture1897@gmail.com,934-307-373,38,1.85
Xaverius Menendez,select1825@yahoo.com,926 118 621,73,1.54
Juan Diego Herrero,identity2092@yahoo.com,913-499-253,89,1.71
Mila Cabrera,tables1993@yandex.com,920.685.716,47,1.91
Caleb Pardo,leg1962@yahoo.com,997433487,47,1.71
Caridad Montero,ahead1956@yahoo.com,979 233 480,87,1.75
Santino Ortiz,hose2026@live.com,961 101 816,68,1.74
Manuel Diez,married1972@duck.com,961 886 709,66,1.77
Flavia Aguilar,substantial2054@yandex.com,975597814,72,1.67
Cisco Ortega,service1956@example.com,+34 918 85 06 02,74,1.58
Emiliano Cano,outlined1827@gmail.com,961 611 009,68,1.99
Emelda Gutierrez,addition1914@example.com,949533459,48,1.89
Gig Vicente,whats1923@yahoo.com,902.302.067,59,1.55
Beñat Perez,tamil2022@gmail.com,941410396,70,1.85
Nemesio Perez,psp1812@gmail.com,912.385.413,55,1.60
Concha Izquierdo,forests2061@gmail.com,938.809.411,64,1.68
marco Carmona,richards2057@yahoo.com,973.906.808,50,1.80
Aarón Vega,nurse2052@protonmail.com,+34 915 25 97 76,55,1.98
Juliana Iglesias,tagged1959@protonmail.com,958116522,75,1.69
Albert Mendez,bless1981@protonmail.com,968244760,74,1.66
Juan José Perez,false1866@yandex.com,903 808 897,65,1.72
Juan Esteban Jimenez,insight2035@yandex.com,954-789-507,66,1.65
Juan Sebastián Dominguez,quarterly2040@example.com,931.176.011,82,1.83
Felipa Ramirez,mime2002@yahoo.com,+34 913 32 18 88,85,1.61
Gabriel Fernandez,anything1938@live.com,931 371 003,38,1.67
Jon Iglesias,atlanta2004@outlook.com,911056698,43,1.70
Lucha Nunez,alphabetical1810@outlook.com,975966480,61,1.82
Dolores Campos,marsh2088@example.org,+34 916 12 31 21,66,1.95
Jerónimo/Gerónimo Lozano,debug1903@protonmail.com,968493047,82,1.92
Gema Romero,agree2015@example.com,+34 916 96 57 46,39,1.87
Valentina Rey,actress1939@yahoo.com,937.065.115,63,2.00
Ian Cortes,eyes2005@duck.com,998175203,66,1.65
Marjun Nunez,builds2082@outlook.com,943-789-874,65,1.68
Jose miguel Torres,yorkshire1926@protonmail.com,995-357-536,78,1.80
Vidal Suarez,southern1878@duck.com,973-955-118,45,1.59
Paz Arias,choose2007@protonmail.com,911-891-160,52,1.65
Montana Garcia,spot1818@yahoo.com,984953320,47,1.98
Beñat Vega,newton2022@duck.com,+34 911 83 65 09,67,1.67
Consolación Izquierdo,cab1838@yahoo.com,916 448 238,69,1.75
Ester Fuentes,parent1903@outlook.com,966 442 200,44,1.54
Jaime Merino,converted1864@outlook.com,+34 919 77 28 57,71,1.82
Ginebra Serrano,america2059@example.org,+34 914 86 75 97,54,1.51
Antonia Vicente,merchants2056@protonmail.com,973546570,44,1.76
Juan Andres,worn1847@protonmail.com,+34 917 23 98 31,38,1.79
Luis Ramirez,algorithm1888@yahoo.com,953-070-206,38,1.51
Salvador Castro,asset2037@example.com,923007725,69,1.67
Borja Medina,democracy2002@duck.com,944446241,39,1.99
Mery Ramirez,celebrity1866@duck.com,940.499.081,53,1.64
Tania Velasco,broker1800@example.org,+34 917 15 60 31,57,1.95
Gonzalo Soto,adaptive1954@example.com,933 025 679,80,1.81
Raquel Fuentes,simulation1898@protonmail.com,951977932,42,1.96
Soledad Diez,raising2075@live.com,923525579,61,1.81
Berta Gonzalez,basement1890@outlook.com,+34 917 48 34 76,70,1.56
Salvador Romero,gamespot1956@example.org,958 013 189,84,1.70
Toni Martin,steps1898@protonmail.com,991540190,54,1.80
Josué Ortega,homework1901@duck.com,987482503,60,1.79
Vanessa Soler,adobe2039@example.com,942 083 885,52,1.55
Gorka Pastor,experimental1951@example.com,+34 916 77 03 44,75,1.75
Dario Gil,muze2008@live.com,964635758,48,1.86
Juan Felipe Cruz,promotion1990@protonmail.com,+34 912 20 44 43,77,1.72
Jaguar Leon,donate1875@example.org,900 123 893,73,1.74
Arnau Ortiz,beneficial1987@outlook.com,988 786 222,50,1.79
Hañagua Saez,dallas1917@protonmail.com,970202743,42,1.60
Ander Roman,released1917@duck.com,+34 919 87 92 69,65,1.68
Juan Diego Nieto,corp1887@outlook.com,996 540 659,71,1.98
Sebastián Roman,anyone1956@example.org,+34 916 71 34 81,64,1.91
Raquel Ortega,shapes2004@example.org,947-174-657,42,1.72
Kiki Vila,seeker1843@yandex.com,963-417-777,57,1.78
Alan Guerrero,expert1951@yahoo.com,912 847 348,59,1.76
Ximena Santos,ala1970@example.com,964367259,64,1.95
Fatima Diez,volleyball2061@protonmail.com,968750014,88,1.81
Guillermo Serrano,harm1925@yahoo.com,913 033 026,81,1.60
Rosa Pascual,stanley2037@yandex.com,+34 919 53 92 79,49,1.52
Adelina Hernandez,slot1903@example.com,939-463-920,73,1.86
Micaela Crespo,delivered1814@duck.com,999 333 896,87,1.57
Luciano Blanco,omissions2061@example.org,917-227-172,59,1.59
Agustín Izquierdo,stayed2054@example.com,+34 917 97 69 99,40,1.60
Paco Pascual,hazards2004@gmail.com,937783121,42,1.91
guille Bravo,dom1930@yandex.com,968-273-243,61,1.91
Zenon Merino,consciousness1933@duck.com,951559326,76,1.86
Cristóbal Arias,namespace2045@yandex.com,900 474 659,60,1.73
Federico Aguilar,neo1977@duck.com,958-803-513,60,1.80
Micaela Saez,sponsor1988@yandex.com,915-342-894,55,1.79
Lupita Name,bacterial2002@gmail.com,926991948,42,1.67
Blanca Martin,any1898@yandex.com,+34 918 51 11 42,76,1.60
Gorka Arias,lender1972@live.com,954104069,82,1.82
Paul Lozano,accordance1823@yahoo.com,910556434,79,2.00
Paul Alvarez,spanish1924@protonmail.com,949 259 156,81,1.51
Nuria Andres,thickness1880@gmail.com,932 840 536,90,1.66
Enka Gil,aaa1803@duck.com,948.150.337,41,1.79
Manuel Menendez,variable1846@yahoo.com,939941761,84,1.86
Ignado Ruiz,oliver2086@yandex.com,905.109.310,72,1.68
Damián Ramirez,province2070@live.com,973 803 349,56,1.67
Carlota Castillo,mighty1806@gmail.com,999 364 435,55,1.75
Gema Cabrera,lou1969@yahoo.com,933.197.139,41,1.68
Lucha Diaz,hospitals1851@protonmail.com,+34 915 10 92 66,41,1.93
Rodrigo Dominguez,begins2085@duck.com,+34 910 34 52 20,71,1.83
Beltran Alonso,jane1863@duck.com,931 954 066,54,1.91
Paqui Marin,broad1810@protonmail.com,977-263-650,67,1.83
Vidal Menendez,family1841@live.com,976743645,64,1.67
Adelaida Gonzalez,alert1829@example.org,962264826,80,1.81
Esteban Iglesias,grants1804@yandex.com,997.524.398,85,1.88
Ian Merino,rebound1869@example.org,905.830.455,54,1.88
Dylan Caballero,wax1847@example.org,917 079 142,50,1.66
Judit Cruz,tickets1881@gmail.com,968766184,83,1.69
Adrián Gonzalez,americans1969@gmail.com,935119861,53,1.60
Nasario Cano,breathing1937@gmail.com,951343868,53,1.96
Fraco Diez,casey2017@yahoo.com,+34 918 25 53 63,64,1.86
Berto Nieto,beginners2072@outlook.com,994-129-571,50,1.60
Juan Pablo Dominguez,fotos1887@gmail.com,988-477-891,77,1.51
Pedro Vicente,grade2060@duck.com,963 777 532,78,1.53
Patricio Gutierrez,planet2029@protonmail.com,926-811-449,84,1.88
Ricarda Marin,local1899@gmail.com,998.640.488,83,1.96
Alexander Soler,soil2077@example.org,902 741 709,80,1.96
Rut Leon,colleague2047@outlook.com,982.540.697,64,1.80
Laura Serrano,impressive2031@yandex.com,985 695 028,74,1.60
Manuel Herrero,filing1939@gmail.com,983 021 676,66,1.56
Irati Merino,jeans1863@yandex.com,962-856-140,73,1.79
Concepción Rey,voters2074@yandex.com,941558002,39,1.62
Trinidad Cabrera,screenshots1864@example.org,929.067.861,73,1.54
Dario Delgado,ladies1812@protonmail.com,+34 912 66 03 28,60,1.53
Teodora Santos,singer1946@duck.com,985 832 550,57,1.64
Raquel Marquez,ind1939@example.org,939.162.730,58,1.83
Ian Perez,brunswick1954@example.com,943.329.986,89,1.79
Sandra Soto,kilometers2082@outlook.com,944.602.953,67,1.82
Hilario Herrero,cleared1982@yandex.com,956874971,59,1.91
Bárbara Fuentes,destination2066@example.com,937 471 789,79,1.55
Vicente Caballero,books2073@live.com,973-618-657,86,1.66
Victoria Medina,towns2029@protonmail.com,928 288 325,52,1.92
Bronco Nieto,people2015@yahoo.com,963868951,45,1.92
Juanma Jimenez,kingston1897@gmail.com,+34 919 00 48 56,66,1.98
Eulalia Saez,auctions2085@gmail.com,+34 917 08 01 62,44,1.89
Rafael Cabrera,regional2020@yahoo.com,+34 914 11 73 61,64,1.93
Joaquin Hidalgo,satisfy1969@example.com,941 659 696,88,1.93
Vane Hernandez,halifax1915@example.com,939.642.619,55,1.51
Joaquina Soto,salmon1905@example.com,+34 914 12 12 20,57,1.59
Alejandro Guerrero,smile2089@duck.com,910-857-536,87,1.76
Olga Fernandez,juan1932@gmail.com,+34 919 01 06 44,64,1.93
Dario Jimenez,bug2027@yahoo.com,910 187 500,74,1.95
Natividad Fernandez,councils1944@protonmail.com,987 668 442,69,1.57
Yolanda Munoz,fda1823@protonmail.com,916041959,53,1.60
Aimon Lopez,assure2070@live.com,+34 915 61 21 80,86,1.75
Jaime Aguilar,right2043@example.com,908-693-213,75,1.67
Bea Soler,jump1825@yahoo.com,947-829-911,83,1.85
Alberto Calvo,ceiling2040@gmail.com,937.947.586,88,1.68
Ofelia Prieto,wash1933@example.org,921.332.368,48,1.72
Pàola Hernandez,bar1814@example.com,989.362.138,84,1.87
Juan Felipe Vazquez,military1841@outlook.com,973 976 560,53,1.93
Luna Vazquez,conversations2033@example.com,907 294 926,57,1.56
Enrique Name,marvel1918@protonmail.com,999.923.948,55,1.92
Mónica Alvarez,hotmail2002@example.com,959.247.645,84,1.62
Berta Gonzalez,formats1961@outlook.com,965561402,43,1.80
Ricardo Diaz,asn2070@example.org,916.675.401,48,1.84
Thiago Ortega,caribbean1946@example.org,+34 916 07 74 13,79,1.79
martin Jimenez,siemens1953@protonmail.com,934 905 794,53,1.83
Clotilde Cabrera,indie2036@example.com,979801582,72,1.63
Julieta Vicente,entered2060@example.org,906671342,39,1.87
Pablo Rey,solely2085@live.com,984 345 373,72,1.97
Valentina Cortes,from1870@example.org,942 135 433,46,1.78
Altagracia Moya,home1883@yahoo.com,949-257-244,85,1.68
Alodia Rodriguez,wellness1943@outlook.com,999249071,40,1.70
Arantxa Lorenzo,validation1873@yandex.com,989803613,74,1.96
Trysta Ibanez,struggle2016@live.com,982-562-028,56,1.66
Enrique Moreno,latinas2091@example.com,955217163,74,1.54
Daniel Cabrera,certainly2094@live.com,+34 919 68 80 93,80,1.58
Josefina Lopez,ddr1829@protonmail.com,949-317-451,82,1.96
Lorenzo Serrano,utilize2022@live.com,982.912.511,76,1.64
Asunción Soto,wide2044@example.com,945 872 869,78,1.98
Consolación Vega,mistakes1972@yahoo.com,927 633 565,61,1.53
Marcela Castro,award1848@duck.com,943878346,65,1.79
Ababa Alvarez,phillips2070@protonmail.com,928114686,44,1.60
Valentino Merino,congo1988@gmail.com,+34 918 23 94 40,54,2.00
Virginia Merino,storm2080@example.com,980 361 950,43,1.93
Laura Diaz,spaces1944@outlook.com,986-373-811,42,1.66
Ivan Vega,mon2048@outlook.com,918 673 672,62,1.93
Cristóbal Cortes,changelog1896@live.com,911-996-475,65,1.83
Matthew Campos,observed1857@live.com,966 950 653,64,1.96
Lucia Marcos,review2032@example.org,972.025.247,65,1.55
Andrea Lozano,once1976@live.com,954-059-154,41,1.67
Gloria Gimenez,ranging2092@yahoo.com,931 342 671,41,1.74
Vanessa Iglesias,exhibition2075@outlook.com,+34 916 62 43 98,72,1.96
Kaori Leon,gothic2070@example.com,952529152,60,1.56
Nemesio Alonso,transactions2017@gmail.com,959-498-783,56,1.85
Gael Andres,wealth1904@yandex.com,941.404.025,50,1.78
Ester Ibanez,faq2078@protonmail.com,987 207 080,86,1.88
Aida Gil,cancel1955@yandex.com,967047835,77,1.63
Juan Sebastián Crespo,database1986@outlook.com,948.983.716,68,1.70
Agapetus Hidalgo,trademarks1919@yahoo.com,986-038-999,53,1.56
Azucena Aguilar,panel2063@outlook.com,942997700,72,1.89
Aarón Herrera,neighbor1868@example.com,970955330,63,1.72
Luisa Santos,watson1833@example.com,942.023.063,56,1.52
Rafa Delgado,language1863@gmail.com,945178291,64,1.51
Alberto Moya,garbage2067@example.com,983-269-968,47,1.62
Lucía Vega,mozilla1912@yahoo.com,980.281.131,79,1.75
Nacho Vega,leslie2080@gmail.com,946 150 910,44,1.54
Claudia Delgado,logitech1802@example.org,+34 910 99 10 72,81,1.94
Cristóbal Morales,book1957@protonmail.com,979958050,73,1.94
Fulca Ruiz,fitness1959@duck.com,938 243 611,83,1.96
Ivan Ramirez,given1988@live.com,997.518.137,51,1.85
Facunda Soto,constitution1958@yandex.com,989 664 575,81,1.62
Ana María Vega,vocabulary1902@example.com,906 348 338,51,1.78
Kaori Torres,feet1867@yahoo.com,911 623 779,70,1.92
Francisco Ramirez,inspector1877@live.com,988 795 780,74,1.76
Rafael Moreno,issue1862@live.com,963549308,40,1.54
Hilario Gutierrez,porcelain1880@yandex.com,924.196.566,75,1.86
Joaquina Lozano,question2082@example.org,+34 912 41 40 12,79,1.73
Sandra Mora,lyric2023@protonmail.com,+34 911 00 70 89,57,1.76
Martina Mendez,low2001@gmail.com,926.079.074,86,1.73
Esperanza Gimenez,purple1936@duck.com,906 852 228,59,2.00
Irati Suarez,reason1904@example.org,908129316,90,1.75
Leticia Merino,healthy2025@outlook.com,975 857 834,70,1.75
Ricardo Herrera,congratulations1891@protonmail.com,969 787 986,76,1.71
Mateo Leon,epson1819@live.com,979.837.921,45,1.99
Joaquín Romero,microphone2047@protonmail.com,934.993.658,64,1.90
Nicolas Carrasco,lenders1962@example.com,950.879.805,86,1.73
Mario Cruz,alpine2006@example.com,975681329,69,1.71
Narcisa Martinez,muscle1989@gmail.com,969.846.069,64,1.66
Maribel Blanco,function1843@yandex.com,994 966 568,72,1.57
Zenon Carrasco,jesse2099@yandex.com,+34 911 72 70 08,47,1.67
Alejandro Gonzalez,stopping2096@yandex.com,905 421 100,58,1.82
Juan José Cruz,menu1936@protonmail.com,916596094,86,1.89
Santiago Alonso,situated1898@gmail.com,939-471-280,75,1.98
Camilo Blanco,majority1952@yandex.com,968230623,70,1.93
Paulette Cortes,volvo1964@yahoo.com,942.111.123,77,1.66
guille Garcia,avoiding2085@example.org,964.477.032,81,1.52
Josefina Campos,nature1812@example.com,+34 913 86 98 48,64,1.86
Ernestina Bravo,stewart2072@outlook.com,915-632-078,58,1.52
Ane Blanco,prize2012@example.com,926.977.791,62,1.65
Javier Sanz,contributor1843@gmail.com,902-653-030,45,1.68
Zenon Ferrer,proprietary2041@example.com,+34 911 77 17 85,56,1.62
Clotilde Vicente,continuity2034@example.com,902 253 775,86,1.62
Leire Santos,covering2076@example.org,+34 915 69 64 29,90,1.64
Aurora Ortega,thereby1858@live.com,915 398 205,66,1.99
Joan Lozano,stadium2039@yandex.com,931 638 516,72,1.98
Alba Menendez,andale1824@gmail.com,927 923 279,79,1.62
Claudia Medina,fighting1826@yahoo.com,964.510.995,55,1.93
Álvara Delgado,examined1993@gmail.com,911 392 862,53,1.66
Luz Nunez,wide2046@protonmail.com,994.923.048,59,1.95
José Sanchez,salvation1835@live.com,917606822,42,1.50
Claudia Castillo,accountability1827@yandex.com,909.353.919,72,1.68
Maximiliano Reyes,she2093@outlook.com,949.345.028,61,1.65
Leire Gil,remain1924@outlook.com,946 929 010,84,1.65
Andrés Diez,ronald1818@yandex.com,+34 919 09 90 20,39,1.84
Santino Moya,process1903@example.com,980.169.906,57,1.61
Ricarda Suarez,floral1960@yandex.com,+34 919 13 04 82,43,1.96
Jennifer Diez,stake1897@example.org,999-946-408,60,1.72
Jose manuel Romero,supplemental1842@live.com,+34 913 35 88 89,66,1.64
Amparo Calvo,bradford2037@gmail.com,943.143.139,90,1.83
Froilana Santos,everyone2084@yandex.com,911 269 702,61,1.58
María Juana Medina,consequently1924@yandex.com,+34 918 83 25 68,47,1.63
Jorgelina Diaz,collections1832@yandex.com,902335221,53,1.56
Flora Caballero,municipality1943@gmail.com,+34 918 23 61 58,58,1.96
Araceli Calvo,eye1936@yahoo.com,989988038,87,1.87
Alex Gonzalez,survivors2059@protonmail.com,964791689,86,1.60
Iván Ferrer,lock1889@live.com,+34 916 16 82 45,85,1.89
Nemesio Lopez,verse1956@example.org,980.907.325,50,1.68
Jerónimo/Gerónimo Mendez,italiano1999@outlook.com,+34 915 67 70 60,89,1.70
Javi Lopez,thinking1916@duck.com,989 641 325,67,1.53
Facundo Pena,profits2073@example.com,905 954 356,61,1.84
Rebeca Serrano,calculation1868@protonmail.com,943-181-276,88,1.62
Modesta Jimenez,dust2018@protonmail.com,+34 916 52 39 87,62,1.57
Trinidad Vidal,syndicate2058@example.com,993951646,76,1.54
Catrina Vidal,coleman1953@yahoo.com,933.033.092,52,2.00
Eduardo Gutierrez,appeals1878@yandex.com,+34 912 24 39 76,41,1.80
Salvador Andres,weekend1893@gmail.com,+34 910 02 63 46,78,1.69
Kiki Lorenzo,destruction1994@gmail.com,908-176-491,58,1.68
Antonieta Castro,peak2079@live.com,972177563,59,1.95
Loredo Herrera,updating1955@outlook.com,943906636,87,1.92
Mateo Herrera,minimal1879@yandex.com,998-815-316,56,1.74
Pedro Vazquez,beneficial2053@example.org,916-768-947,40,1.72
Lorenza Santos,adidas1874@yahoo.com,965 113 695,81,2.00
Axel Dominguez,elements1859@example.org,943.886.640,76,1.79
María Lozano,stones1844@example.org,983792005,81,1.68
Jorge Garcia,dean2039@yahoo.com,+34 915 38 16 71,67,1.85
Naiara Guerrero,doll1812@outlook.com,986.377.142,41,1.76
Andrea Merino,spend1803@example.com,981419510,63,1.52
Fátima Jimenez,offering1965@yahoo.com,+34 912 15 46 81,84,1.65
Tamara Ortiz,starts1930@gmail.com,994-647-117,38,1.51
Bruno Cruz,fresh2027@outlook.com,937603663,40,1.66
Ricardo Arias,calendars1997@duck.com,922 421 562,75,1.87
Esther Merino,accessing1854@example.org,956-608-023,77,1.93
Bautista Dominguez,ind1870@protonmail.com,948410650,85,1.83
Beñat Diaz,consult1991@yahoo.com,932627810,79,1.54
Tomasa Serrano,deutsch1856@protonmail.com,921 600 379,82,1.53
Narcisa Rey,ant2078@duck.com,934289786,55,1.73
Keiko Torres,identify1983@outlook.com,921-451-692,49,1.91
María José Lopez,within1820@protonmail.com,999-802-012,84,1.72
Albert Martinez,patches1988@gmail.com,989 358 924,74,1.96
Carolina Gimenez,israeli1811@yahoo.com,983503219,75,1.76
Lucía Castillo,freeware1871@outlook.com,+34 915 31 18 79,64,1.55
Sonia Lorenzo,power2013@yandex.com,932-606-794,64,1.85
Josué Lozano,exhaust1999@example.com,914.653.320,40,1.69
Eugenia Martinez,greene1924@gmail.com,919948376,64,1.53
Dionisia Reyes,studying2099@example.org,939.693.757,48,1.88
Lucas Ramirez,latex1867@duck.com,967-939-848,50,1.57
Xalvador Reyes,tires2055@yahoo.com,928 533 651,62,1.66
Judit Diaz,objects2096@protonmail.com,936792882,51,1.78
Xaverius Diaz,centered1820@live.com,990116837,75,1.75
Cecilia Romero,extension1948@gmail.com,934.542.782,85,1.77
Xaverius Romero,macedonia1836@example.org,+34 910 69 28 72,68,1.99
Emmanuel Munoz,reid1975@yandex.com,932 596 795,62,1.96
Isidro Gil,flame1948@example.com,918 110 544,87,1.63
Aurelia Gimenez,communities2009@yahoo.com,961.240.176,87,1.76
Franco Fernandez,fixtures1924@example.org,983 647 777,69,1.66
Arnau Castillo,viewer2050@live.com,902 409 277,38,1.88
Josué Flores,lenders1973@example.com,900-264-790,52,1.68
Luna Santos,simon2075@yahoo.com,975828699,74,1.51
Bronco Hernandez,mississippi2094@duck.com,991-576-838,87,1.61
Jose miguel Izquierdo,doors1925@example.com,+34 913 45 44 07,83,1.66
Cortez Serrano,vendor1902@yahoo.com,+34 915 65 97 01,65,1.74
Gloria Pardo,somerset2027@protonmail.com,980790221,66,1.63
Beñat Ortega,springfield1913@protonmail.com,966178896,58,1.75
Fatima Reyes,assignments1812@outlook.com,907 682 147,46,1.80
Javier Vega,true1890@protonmail.com,906-231-232,45,1.70
Fabricia Prieto,camera1901@outlook.com,999 908 085,62,1.88
Emilia Molina,map1905@protonmail.com,985.610.713,47,1.60
Rocío Gomez,nutten1965@protonmail.com,982.756.998,56,1.94
Luis Gimenez,consistent1944@example.com,+34 910 15 99 56,48,1.55
Enka Herrera,market1841@outlook.com,998.477.098,61,1.57
Selena Torres,pride1817@yandex.com,+34 910 13 32 22,79,2.00
Luna Menendez,astrology1978@yandex.com,+34 919 62 83 61,85,1.59
Pascuala Iglesias,satisfied2027@yandex.com,930.249.128,51,1.89
Felipe Castro,andrea1996@duck.com,916-528-019,45,1.70
Lía Torres,stories2034@example.com,914.255.617,76,1.90
Jorgelina Mora,bizarre1925@yandex.com,972-546-739,67,1.84
Emma Saez,surgical1994@example.org,+34 913 04 03 41,40,1.62
Álvaro Merino,enables1896@protonmail.com,972456324,62,1.72
Sergi Sanz,knowing1866@yandex.com,979 120 030,63,1.79
Miguel Angel Garrido,tell1975@example.org,994 721 416,42,1.87
Mayte Castillo,installations1974@protonmail.com,976.799.360,75,1.69
Pedro Montero,barn2010@live.com,997 888 571,44,1.91
Carlos Castillo,pix2064@yandex.com,928.184.428,88,1.57
Frisco Ruiz,accepted1809@yandex.com,982.547.991,50,1.98
Toni Carrasco,vital2057@duck.com,903395453,79,1.96
Jair Herrero,snowboard1818@example.com,995.847.220,55,1.78
África Garcia,june1828@protonmail.com,922130296,87,1.74
Fabiana Arias,achieve2069@protonmail.com,938 106 034,81,1.65
Máximo Lopez,combine2054@example.com,992-715-682,79,1.67
Paz Moya,ebook1963@outlook.com,+34 917 23 07 35,71,1.53
Alonso Marin,tag2015@duck.com,910 990 121,77,1.59
Neron Lorenzo,universities1804@protonmail.com,988772696,58,1.57
Luciano Guerrero,quantitative1924@example.com,992.815.605,55,1.87
Feliciana Marin,asp1925@example.com,+34 910 60 76 81,58,1.64
Vicente Lozano,gays1809@yahoo.com,960.543.694,68,1.79
Caleb Garrido,royal1985@outlook.com,979 828 324,81,1.81
Caleb Marcos,speakers1977@live.com,968904607,83,1.89
Beatriz Jimenez,blogs1839@yandex.com,903111146,88,1.82
Roxana Diez,century1850@example.org,+34 916 13 58 12,46,2.00
Juan Manuel Gil,computation1994@protonmail.com,995-366-851,70,1.54
Josefa Cabrera,counts1874@yandex.com,986 502 423,79,1.64
Chaxiraxi Cruz,than2059@example.com,958 094 010,60,1.53
Miguel Ruiz,workshop1880@outlook.com,+34 915 67 44 17,82,1.59
Montserrat Ruiz,myth1832@yahoo.com,+34 912 02 65 31,58,1.76
Xalvador Cruz,shown1894@protonmail.com,+34 912 78 25 95,42,2.00
Santiago Ferrer,spy1895@yandex.com,912581355,55,1.74
María Magdalena Delgado,dimension1882@yandex.com,974 323 524,40,1.62
Hañagua Nieto,divine2090@yahoo.com,919.937.664,56,1.67
Ascensión Ruiz,emails2023@gmail.com,934-297-832,78,1.78
Álvaro Vega,alternate1958@example.org,941-836-587,66,1.52
Fabricia Diez,flight2099@live.com,944.757.920,87,1.59
Gig Medina,parenting1870@duck.com,976861436,51,1.62
Xaverius Menendez,owner1832@yandex.com,978-115-112,76,1.62
Santino Gomez,budapest1928@example.com,952-100-291,85,1.77
Anna Bravo,camp2066@example.com,935 353 152,67,1.75
Javi Nunez,trucks1903@gmail.com,956-096-830,60,1.93
Abigaíl Serrano,formation1824@duck.com,+34 913 25 39 74,49,1.76
Marjun Gimenez,lips1817@example.org,964 307 067,63,1.76
Patri Garcia,which1906@yandex.com,902504933,62,1.76
Montenegro Cruz,payment2094@example.com,906 048 993,65,1.99
Mariana Izquierdo,raleigh1818@outlook.com,923.092.288,56,1.68
Ivan Suarez,abilities2022@live.com,978.273.529,77,1.75
Lorena Serrano,invite1943@gmail.com,986974746,63,1.78
Bautista Pardo,themes1841@yahoo.com,977 477 719,85,2.00
Julián Munoz,make1867@gmail.com,924.293.821,64,1.90
Triana Ramos,work1960@outlook.com,907369950,39,1.90
Cruz Soto,gate1987@example.com,938524265,73,1.80
Susana Saez,dis2072@yahoo.com,+34 919 79 61 88,83,1.88
Anna Jimenez,dublin1984@yahoo.com,937 776 737,62,1.83
Alonso Herrera,performer1910@protonmail.com,936299752,77,1.97
Juan Ignacio Flores,outreach1843@yandex.com,941 993 162,73,1.73
Teodora Martinez,workforce2015@example.org,988 380 493,74,1.67
Mateo Mendez,chamber1945@example.org,907-360-219,79,1.61
Ximena Blanco,inspired1862@yahoo.com,917-479-382,73,1.77
Nacho Crespo,isaac1972@duck.com,917 854 915,52,1.64
Bruno Morales,gratuit1964@duck.com,935.311.329,39,1.85
Jair Herrera,rec2022@example.com,980.968.631,53,1.68
Ulrica Moreno,dividend1893@outlook.com,901.413.364,89,1.90
Antonia Romero,golden1970@gmail.com,905.087.862,82,1.99
Violeta Delgado,leg1907@outlook.com,947367204,39,1.92
Xaver Marquez,vanilla2002@yahoo.com,920 502 663,41,1.70
Rafaela Perez,payroll1821@outlook.com,997 642 232,76,1.76
Jaime Medina,filled1821@live.com,949 797 176,77,1.63
Isidro Mora,navigator2006@gmail.com,+34 913 76 33 97,73,1.78
Consuelo Moya,caution1932@yandex.com,+34 911 35 61 56,67,1.64
Aída Hernandez,every1921@yandex.com,964-418-813,90,1.61
Neron Cano,col1801@protonmail.com,951-105-497,63,1.72
Dominga Garrido,wins2004@protonmail.com,975.921.820,39,1.91
Elena Carrasco,roses1930@protonmail.com,+34 919 86 12 37,80,1.60
Lali Reyes,blame2095@live.com,+34 915 90 86 65,54,1.61
Dimos Campos,cookie2100@yahoo.com,+34 914 66 44 45,73,1.93
Zelipe Merino,poverty1857@protonmail.com,+34 912 54 57 69,58,1.82
Miguel Duran,frequent1864@outlook.com,+34 912 21 11 34,72,1.91
Ander Marin,oops1963@live.com,+34 913 09 22 87,71,1.71
Nacho Redondo,conditional1999@gmail.com,+34 910 59 33 68,78,1.64
Elías Ferrer,actual2059@example.com,973 464 997,89,1.94
Kevin Merino,counted1997@example.com,911 302 825,90,1.86
Cristóbal Soler,borders1981@live.com,957 897 588,89,1.98
Anita Merino,cameras1972@example.com,+34 914 47 57 13,54,1.58
Bautista Munoz,sure1943@outlook.com,919-227-015,53,1.69
adrian Gomez,married2056@yandex.com,900.999.348,48,1.70
Xavion Ibanez,soundtrack1802@example.org,902 315 396,41,1.74
Alan Herrero,seminars1907@gmail.com,911.898.186,53,1.91
Nasario Santos,hate2039@yahoo.com,956-500-727,47,1.66
Montego Campos,completed1869@gmail.com,914046874,52,1.77
Benjamín Merino,less1902@yahoo.com,+34 916 32 01 91,46,1.79
Inés Arias,beam1890@protonmail.com,969-947-933,72,1.92
Vane Carrasco,wires1898@outlook.com,+34 917 59 35 36,84,1.79
Alex Rodriguez,grip2043@yahoo.com,992794688,79,1.60
Concha Moya,ons1966@live.com,+34 918 43 55 18,77,1.76
Jesús Vazquez,magnitude1908@protonmail.com,927.933.672,47,1.76
Xavier Vila,authentication1863@outlook.com,944 491 778,75,1.59
Ramona Marin,omega2020@example.org,974.165.766,65,1.98
Alexander Ruiz,compromise1810@example.org,902.596.668,57,1.59
Kiki Santos,quarter1890@protonmail.com,958696231,78,1.69
Lolita Campos,saskatchewan1885@yandex.com,912 424 215,89,1.87
Amaya Soto,premier1987@protonmail.com,986.030.997,78,1.98
Eneko Carrasco,recruiting2056@example.com,930-491-881,61,1.95
Carlos Ortega,refined2063@example.org,+34 911 37 28 35,64,1.60
Agapetus Guerrero,collection1876@live.com,906-481-588,58,1.68
Alan Moreno,eligibility2100@outlook.com,913-759-261,39,1.64
Álvaro Redondo,advertise1929@duck.com,913-489-121,55,1.78
Pascuala Iglesias,dui1975@example.org,921.472.599,78,2.00
Marcos Medina,windows2041@protonmail.com,910.055.209,58,1.71
Montenegro Cano,nokia2081@yahoo.com,979 967 450,81,1.95
Felipe Vega,perception2037@yandex.com,946.691.064,53,1.55
Lucha Marin,milan1804@live.com,919.397.672,79,1.53
Julián Lozano,level1947@example.org,931.172.976,61,1.79
Jose Lozano,maine2037@outlook.com,954-682-793,89,1.82
Sonia Izquierdo,despite1802@example.com,982959999,75,1.53
Gabriel Cortes,stylus1956@gmail.com,+34 919 67 72 27,52,1.73
Selena Munoz,kenneth2037@yandex.com,+34 912 51 25 00,67,1.56
Tomás Pascual,toyota1883@example.org,+34 916 32 59 36,63,1.86
Fran Moya,indianapolis2052@outlook.com,930722596,39,1.98
Keiko Alonso,ridge1880@yandex.com,+34 917 43 17 98,39,1.91
Zenon Izquierdo,jason1841@live.com,943 899 960,77,1.95
Juan Pablo Nunez,fishing1832@example.com,956609946,88,1.92
Imelda Cruz,mediterranean2098@live.com,928-106-868,77,1.93
Kaori Ortega,advocate1962@yahoo.com,964.892.494,47,1.69
Ilda Pascual,consisting1867@outlook.com,922614740,65,1.68
Patricia Delgado,spam1892@duck.com,929-690-909,45,1.84
Esteban Ortiz,ontario1899@example.org,975 716 422,71,1.99
Alejandra Serrano,jewelry1873@yandex.com,966-941-716,89,1.78
Débora Menendez,print1988@example.org,900.364.803,62,1.52
Natividad Aguilar,hack1800@outlook.com,+34 915 82 53 46,81,1.76
Selena Vazquez,shoulder1983@gmail.com,+34 915 46 58 74,84,1.54
marco Martinez,applicable2009@example.com,961549848,43,1.71
Juan Manuel Ramos,multiple2090@example.org,914715990,44,1.94
Javier Martin,biggest1845@yahoo.com,931.371.112,78,1.69
Sonia Pascual,mistakes1915@yandex.com,934.689.487,55,1.69
Jaime Merino,patrol1818@protonmail.com,+34 912 76 80 65,59,1.87
Águeda Vila,brain1858@yandex.com,997 961 610,85,1.81
Cuba Name,mathematics1995@gmail.com,950074616,54,1.66
Kevin Roman,treatments2050@gmail.com,903-966-209,71,1.62
Daniela Gimenez,detected1888@outlook.com,949752422,85,1.92
Desamparados Pascual,excuse1989@live.com,957.037.917,53,1.82
Enka Hidalgo,relaxation1998@gmail.com,977-251-814,79,1.88
Emmanuel Calvo,grip1909@example.org,984.062.771,50,1.89
Ángela Castillo,reaches1856@gmail.com,+34 913 66 57 11,52,1.64
Axel Bravo,apr1808@protonmail.com,+34 919 23 06 64,69,1.59
Rodrigo Soler,til1871@gmail.com,913727561,73,1.55
Cruz Marcos,responded1941@yandex.com,933590863,76,1.51
Beatriz Delgado,controls2085@duck.com,978879483,64,1.81
Ricardo Pena,surgeons2087@example.org,917 378 787,73,1.57
Carolina Dominguez,grocery1960@yahoo.com,962-240-091,80,1.72
Caro Iglesias,databases1943@outlook.com,992.894.021,58,1.65
Esteban Ferrer,legal1954@yahoo.com,921 558 523,85,1.93
Haydée Andres,biz2096@example.com,904-930-715,56,1.53
Alicia Marquez,remember2022@protonmail.com,925 006 570,65,1.99
Adela Duran,scholars1915@protonmail.com,909748538,75,1.79
María Juana Andres,handles1827@gmail.com,965070580,85,1.92
Narcisa Perez,simpsons1800@example.com,972.872.826,41,1.81
Patricio Ramirez,attending2096@yahoo.com,982 658 558,43,1.55
Margarita Vega,new2027@gmail.com,926937713,68,1.72
Julián Mendez,centers1820@yandex.com,+34 911 52 31 06,90,1.67
Marcos Ortega,assure1966@outlook.com,984506161,61,1.83
Marcela Mora,wireless1932@live.com,965173409,72,1.56
Lupita Ortiz,loop1801@example.com,918.263.051,79,1.52
Berta Torres,sleeps1961@example.org,+34 913 43 82 57,53,1.50
Cipriano Aguilar,feedback1985@yahoo.com,995068241,55,1.96
Tomás Gomez,afford1902@yahoo.com,991-962-453,65,1.63
Jaime Santos,structural2043@example.org,904-162-595,42,1.81
Diego Name,kathy2085@live.com,970.672.825,66,1.89
Shizuko Navarro,reduction1845@outlook.com,+34 914 78 61 63,72,1.60
Susana Torres,emperor2035@yahoo.com,930854392,69,1.57
Aída Redondo,meant2093@yandex.com,954384060,61,1.58
Xaver Vicente,horn1830@protonmail.com,999881874,68,1.55
Enriqueta Marcos,davidson1814@example.org,919812226,86,1.94
Ricardo Campos,michael2060@example.org,901-925-625,81,1.70
Matthew Pena,cities1935@example.com,985-776-707,47,1.81
Pàola Cabrera,merchant1835@gmail.com,+34 910 63 80 06,58,1.97
Xabat Soto,draw2045@example.com,903-041-197,79,1.90
Jennifer Vidal,supplied1903@example.com,+34 917 84 52 72,43,1.55
Larenzo Diaz,heads1958@yahoo.com,965.151.842,50,1.95
Emelda Ramos,consecutive1944@outlook.com,987.441.699,62,1.91
Graciela Crespo,imports1988@gmail.com,932.889.975,89,1.75
Tiare Serrano,pics1878@yandex.com,991 391 544,38,1.88
Diego Gil,leather1949@example.org,957124687,67,1.56
Judit Delgado,deep2004@live.com,919326823,74,1.98
Silvia Leon,blues1966@example.com,+34 919 54 41 62,50,1.96
Mireia Marcos,nicole1988@live.com,987.278.937,67,1.84
Julen Flores,silly1982@yahoo.com,901-693-506,88,1.65
Jorge Ramos,amount2058@example.org,925.128.492,60,1.65
Isabel Garrido,allied1926@protonmail.com,970 842 769,79,1.71
Gema Vega,experts2067@duck.com,993-545-572,72,1.85
Guido Pena,oscar1820@gmail.com,934-083-615,50,1.64
Paul Herrero,since1842@example.org,931-711-787,52,1.69
Patricia Ramirez,acquisitions1850@yandex.com,920.072.301,71,1.76
Isabel Iglesias,barely2031@yandex.com,933.538.223,45,1.58
Alberto Romero,diving1846@duck.com,943-401-695,69,1.95
Mateo Marcos,chapter1931@live.com,+34 912 03 42 28,42,1.83
VICTOR Carmona,metals2010@example.org,992979712,75,1.88
María Jesús Marquez,ease1882@duck.com,919-534-967,53,1.54
Javier Sanz,eos1949@duck.com,924.738.181,62,1.83
Vicenta Jimenez,frames1876@protonmail.com,+34 912 08 45 08,87,1.71
María Jesús Aguilar,rpg1950@yandex.com,921 404 921,87,1.65
Cuba Prieto,disabled2069@duck.com,962772505,49,1.97
Álvaro Vicente,imagination2001@example.com,968883897,85,1.63
Josep Carmona,sega2068@gmail.com,915703687,89,1.61
Esteban Marin,editing1823@outlook.com,967 001 659,64,1.66
Kevin Caballero,assurance1838@outlook.com,955807488,49,1.95
Tomas Vazquez,social1963@live.com,918800238,71,1.85
Irati Rubio,ppm1974@duck.com,983 615 378,38,1.55
Vicente Diez,zambia1975@example.org,945044394,65,1.63
Ariadna Izquierdo,corporate1951@protonmail.com,984 789 742,88,1.60
Montana Menendez,receiving1963@live.com,942983525,85,1.99
Narcisa Vega,decline1834@outlook.com,959.014.616,42,1.85
Ángel Vila,simple1872@outlook.com,+34 918 56 30 86,85,1.78
Fernando Gimenez,climate2065@live.com,980.846.532,42,1.81
Zulma Nunez,lewis2012@example.com,922 780 685,84,1.99
Juan Pablo Navarro,parts1884@live.com,949667443,46,1.70
Adrián Iglesias,blocking1823@example.com,998.065.750,84,1.92
Lautaro Soto,alexandria2081@outlook.com,+34 916 29 95 25,49,1.54
Montego Ramirez,thinkpad2089@outlook.com,942 053 540,78,1.56
Desamparados Perez,losses1959@live.com,+34 912 84 76 93,46,1.55
Dylan Alvarez,diesel2020@example.com,976 598 132,63,1.79
Amparo Nieto,parenting1831@duck.com,900 048 768,88,1.91
Ginebra Iglesias,indicates2085@duck.com,985518047,89,1.70
Julián Martin,key1865@live.com,958.855.556,44,1.73
Inés Campos,distribute1946@duck.com,935 295 599,65,1.86
Jose luis Bravo,pets1817@duck.com,955425889,80,1.70
christian Nunez,ventures1810@gmail.com,910266031,46,1.98
Julián Lozano,insects1833@example.org,967 845 595,60,1.87
Begoña Pena,winner2045@yandex.com,903.490.637,65,1.51
